namefirst,namelast,email,username,phone,address,state,postcode,city
Chauncey,Riedmiller,shearssharecroppers@oddnesssMolochjaywalkers.com,firthsCossacks,344-026-8930,6828 Hanna Ct,Connecticut,80112,Coral Springs
Bart,Kluever,hiccupsquarterlies@Sullivansuspicious.info,humanest,365-473-6199,2736 Redfree Rd,Iowa,40082,Carlsbad
Ethan,Mcelaney,resolutesMercury@lessonsdivorcing.me,herbicidesprepackaging,757-278-2043,8503 Clallam Ave,North Dakota,66113,Flint
Wade,Balas,glibnesssNorsemen@docsloquacious.edu,Racinessoonsubsidized,706-536-4869,574 Horizon Ave,Arizona,14570,Orange
Maximo,Warholic,Cartiermorasses@verticesNataliabeside.com,blondecargo,879-164-2426,2234 Hartford Blvd,Hawaii,24293,Atlanta
Loyd,Swopes,doilyscontestedastonishes@clamprecouploadable.me,blessedness,103-954-7249,7994 925 Ln,Washington,46414,Fort Lauderdale
Hong,Florentine,localtopsoiltridents@wilingWorkman.gov,caretakerschumps,432-470-7445,916 Trace 8 Ave,Connecticut,91802,Fayetteville
Joseph,Ulibarri,cookbookschanteys@communiquecrusadesDayton.com,Buddhistscoevals,318-351-5689,4693 Suffolk Ln,District of Columbia,44180,Gilbert
Clint,Daez,Buckleycitizens@alpinevanishing.gov,fifteen,153-537-4407,8740 Winslow Rd,Ohio,52950,Lansing
Shon,Chugh,TerriesrecapturingMensas@NaphtalidumpiestGustavs.gov,transversely,561-756-8352,10852 Devon Ln,Maryland,97803,Palm Bay
Reginald,Gonzalis,foreclosuresLevi@pilafsassertive.net,extinguishable,561-378-2658,120 Hillegas Blvd,Massachusetts,34236,Columbus
Blake,Benenson,reorganizations@interleavesaffrontsruses.com,hedgerowswinters,300-175-1845,10684 Rembert Rd,Puerto Rico,37387,Pueblo
Alfonzo,Kachelries,incapabilitysreinterpretations@tameableSheppardsscoutmasters.org,devoutnesssnightclubbed,343-753-1397,5093 Wilshire Ct,Indiana,42227,Columbus
Lyman,Menis,woodchucksizedgoops@sledgehammeringPersephones.org,Sudrasbridgeworks,330-465-2327,2009 Independence Blvd,Arizona,64511,Bellevue
Fidel,Fujioka,exorcizeddeflectsprotestations@Mozambicansniftering.edu,voicesLister,499-885-9856,1811 Sheffield Trl,Wisconsin,72945,Elizabeth
Kristofer,Schinnerer,scalawagdissensions@Bremenslaundrys.info,bulkyBali,348-291-5510,3403 Waldron Blvd,North Carolina,58147,Austin
Clement,Delos,reluctancesscram@Beaushosts.com,usheringoversell,124-029-0826,2977 Reed Ct,Vermont,97893,Anaheim
Allan,Marinas,swattedHerscheltubs@verticess.org,ratchetsstrategist,921-631-7679,6333 Bexley Ave,South Carolina,39531,Cambridge
Martin,Lownes,rotogravure@gristles.net,lifeboatsgenerally,796-511-8787,9145 108th Rd,Maine,30851,Mesa
Tomas,Grandia,dwindleprofiteeringZulus@uproarshealers.me,sapientdesperately,267-991-0834,169 Briarcrest Blvd,West Virginia,23665,Santa Clara
Damien,Valverde,tonalitysSukkots@stuporsheadmaster.edu,Aglaiacontainment,580-611-1689,8597 Crescent Ln,Missouri,59113,Mesa
Brenton,Bruzzo,Hectorswinched@shadowboxesmeanings.edu,annotatesHench,544-778-9940,4248 Chenoweth Rd,Louisiana,21694,Abilene
Rolland,Vokes,windowpanedevotional@violsreside.org,ensignscollages,632-125-0432,7188 Eaglecrest Ave,New Jersey,77631,Wichita Falls
Benjamin,Vanderson,wrigglingsilverware@plyAnitas.com,indestructibly,909-967-5664,9666 Madrone Ln,Iowa,77355,Fargo
Wilford,Nares,pittanceLenoremussy@nonesuchesSandoval.org,placentalsstandpoints,719-147-5599,6479 Long Pond Trl,New Hampshire,42876,Hialeah
Rayford,Haiflich,viragosinfidelitiescorruptions@pinkieomitting.me,sprats,908-282-3680,9044 Temple Ct,Minnesota,37324,Rochester
Brendon,Hobel,blissfulnessseager@discoloring.gov,implausible,394-982-6183,10055 Hunton Ln,Idaho,74293,Greensboro
Sergio,Dohn,ailinstrumentingcheerleader@incommensurate.net,maverick,780-958-3189,316 Oswego St,Virginia,65171,Centennial
Kirby,Carcelli,sacramentalgruntfakirs@unhandembark.gov,Homerevermore,368-167-0181,2357 104th Trl,Louisiana,44556,Lincoln
Sonny,Kanellis,anesthesiologists@Huronsdilettantes.info,Accraundefinable,599-222-2974,2906 Hailstorm Ln,Ohio,56795,Arlington
Rocco,Emter,passersbyQueenslands@navigational.gov,linerfarce,592-415-4840,4566 Lindberg Rd,Georgia,68467,Austin
Robby,Kadas,repastsquieterMildreds@Ecuadoranampere.me,Sunbeamsviewings,284-436-9630,4857 925 Ln,Northern Marianas Islands,47228,South Bend
Dominick,Borchelt,Hepplewhiteclumsiest@Agnewsprogresssgaged.org,Worcesters,179-268-3451,10845 112th Rd,New York,90463,Houston
Neil,Keidel,dreamedprecipitation@RamsessrebatingRomania.gov,zoologistbilious,333-497-4372,955 Nussbaum Trl,Virgin Islands,62056,Allentown
Luke,Czartoryski,flowerpotsweights@chanticleersfortuitous.net,copycatted,281-623-6432,4315 Donington Ln,Virgin Islands,61384,Madison
Elroy,Ellerbeck,unearthedflagstone@comprehendrottenest.info,rectifierendues,104-270-3384,6692 Madrone Rd,Massachusetts,72952,Norwalk
Leon,Stoeckel,bellesabundances@wartreprocessingformulation.me,chockssteeplejack,239-122-1391,8304 Reba Trl,Arizona,86412,Seattle
Kurt,Eichman,photographing@perpetually.info,gastritis,883-816-8959,1963 Baldwin Ct,Arizona,28677,Pasadena
Lanny,Gutsch,forelegtautingfirebreaks@repentingcomfortedeviler.net,academiesFrobishers,278-647-9324,4976 Cortez Ave,Virgin Islands,23261,Topeka
Cleveland,Cirigliano,misreadingscampusdouches@quidsRonnies.com,couping,639-363-5719,7356 Weser Ln,Wyoming,90464,Naperville
Roscoe,Passick,oldiesblotted@Peterson.com,unnaturalvia,273-650-7487,608 Jordan Ln,Kentucky,28843,Berkeley
Angelo,Czysz,droughtengagetrips@wayfarerBangalore.net,Vazquezspumps,980-096-9531,9219 Glen Rd,Arkansas,45804,Honolulu
Joey,Pries,pensivenesshesitates@Ariadnes.info,Algonquian,417-067-3436,3564 Secretary Rd,Oklahoma,55570,Billings
Jewell,Fam,Joeemolumentsduffers@duplicated.gov,emphasisjurisdiction,369-580-7351,8883 Evelyn Ln,Missouri,62774,Wilmington
Frederick,Martinezmartin,GuccisHawthornes@wiledcymbalsTutsi.org,permissively,538-925-3651,7120 Sunrise St,Alaska,40594,Portland
Antione,Schurk,writingTrentThinputting@sulkiestsnowmobiles.org,atoneCarrswaterbed,950-034-4795,621 Herman St,Mississippi,97127,Wilmington
Rolland,Gupta,Josiesglopped@misquotationscentralize.com,thetacheeks,748-138-6963,9653 Robinhood St,Alabama,36164,Westminster
Luciano,Sebren,bundledrudimentsviburnums@Haiphongsnorkeler.com,thrustingpompadours,409-068-9903,1120 Roxbury Rd,Tennessee,62733,Cary
Lamont,Blanar,privatizationenthusiasms@Belshazzars.org,coordinatemislays,717-857-6159,6222 Versailles Village Trl,Connecticut,10623,Chandler
King,Chesna,rehearsalcardsharps@babies.net,thiefs,766-421-7141,8049 Westlake Ct,Pennsylvania,57489,Waco
Sonny,Ernstes,husksslaughtering@jeeringlybargaindiarys.edu,adjustskilldeers,644-587-9833,6707 Sawgrass Blvd,New Jersey,18355,Jackson
Darell,Molett,Katherynpitchforkactivate@Glennvariancessharking.gov,brinkamenscockscombs,611-736-3425,6728 Burgess Blvd,Montana,71185,Roseville
Marvin,Favela,stoppedtrademark@deputeslaboringassessors.edu,zipperAshebattleship,479-348-8655,2536 Withrow St,Michigan,63006,Elgin
Adrian,Cadman,tunnypanthermurals@Londoners.me,chicorychemises,878-549-2706,5936 Martindale Ln,Missouri,45110,Oxnard
Rodolfo,Soltow,thundercloudColes@Samoyedbiennials.me,sporadicoutraged,650-664-3404,5289 Hunton Ln,New Hampshire,35363,Saint Paul
Giuseppe,Tesauro,stamenssynapsesroosting@Rdphase.gov,runoffs,113-533-2689,6730 Crestview Ave,South Carolina,24219,Chicago
Reinaldo,Jeanblanc,Travoltas@scabiessdarkchaired.info,spatsmillimeters,196-223-8066,8248 Aldbury Trl,Texas,92075,Corona
Donny,Gulick,superingNannie@unsteadyglutsmove.info,backpackersprotracts,988-547-5655,8810 Dixie Ln,Maine,23225,Murrieta
Josh,Binkerd,weathercockvacuasequesters@deepenpanderer.net,irregularly,384-757-7692,6881 Alysheba St,Northern Marianas Islands,79281,Providence
Dong,Nostrand,unrewardingFourneyrons@sanctioning.edu,hieroglyphics,496-343-2339,3976 Happy Hollow St,Rhode Island,11671,Reno
Ruben,Guarnaccia,extinguishers@Gleasonnauseousrags.net,Thracesinflection,482-878-7571,4958 Woolsley St,Iowa,91595,Naperville
Stewart,Orris,delusiveValhallasmobilizations@furledcaparisonedfriendlinesss.org,commandant,733-562-9251,8261 Edgerton Ct,Kentucky,34151,Irving
Wallace,Hovet,evolutionlade@motionless.com,benevolences,911-595-4862,1000 Clear View Ct,Vermont,40976,Jacksonville
Frances,Leto,profusetrystedHanukkah@fanfarecolumbines.com,YevtushenkoHilario,562-642-9974,5614 Leroy St,Nebraska,65771,New Haven
Chang,Fijalkowski,radiotelephones@employingamassing.edu,amidshipsarraigns,721-957-5930,2967 Mendel St,Puerto Rico,70879,Irving
Coy,Kona,gesticulating@peeredupbraided.me,overstepped,813-125-5097,4732 Mildred Rd,New Jersey,15423,Phoenix
Son,Deloya,turbidnumerations@creosotingtransporting.net,banjos,739-203-7624,7463 Jeremiah Ln,American Samoa,76551,Detroit
Donald,Katterhenry,Andersonconsulting@clearedsubterranean.edu,refereeingphonier,933-159-9245,9610 Nettie Ln,Utah,19783,Denton
Ahmad,Hagene,luminositysUsenets@ArasIvanhoes.gov,eczemas,936-941-6761,1149 Whittier Ave,Idaho,40667,Garden Grove
Arnold,Teetzen,sheeringmisplaced@restorer.gov,Santayanadecentest,161-215-5217,9381 Crescent St,Alaska,14435,Fresno
Jamaal,Bishay,evictionBrittMitsubishis@impulsescommandos.net,dissatisfactions,921-732-4410,10164 Greenfield Ave,Nebraska,59381,Fargo
Kirby,Gremore,anchorsconsummated@Bosepropinquity.org,velocities,822-642-6578,650 Leesmoor Rd,Hawaii,72309,Gresham
Eloy,Wonders,Khrushchevsoverestimate@alertedLeicesters.com,occlusionrattlesnakes,956-983-4544,3424 Huffman St,Iowa,26847,Newark
Lucius,Schnathorst,Boeotiasechoed@loyallestgroveller.gov,unaccustomedGables,760-813-6734,1853 La Collina Ln,Oregon,17923,Independence
Lon,Schmieder,topologicallypianoforte@sporadic.gov,entitlements,376-297-2365,9957 Depauw Ct,Idaho,87979,Pueblo
Marcelo,Lauman,foragesharpys@endangeringjazzier.com,Beirutfingerings,282-994-7667,5403 Lansing Rd,New York,35711,Corona
Valentin,Standfill,retractingEinsteins@replicasPilcomayo.org,unequalledsombreros,534-634-0101,9835 Thrush Ct,Georgia,86232,Spokane
Francesco,Parmentier,Gondwanaland@poppycocks.com,contended,326-309-7732,8066 Trace 26 Ave,New Jersey,39075,Midland
Bruno,Fedrick,trumpetingcrustier@blankly.net,dungareesLynettes,390-644-9700,10150 125 Ct,Georgia,26407,Lakewood
Jordan,Breashears,Lombardsunderlays@healersselecting.me,bagpipesdowntrodden,940-140-3825,4449 Cortland St,Michigan,12413,Arlington
Douglas,Guilinger,aquaplanesdeferentially@loafersRachellesconfectioners.gov,identifying,229-108-3578,6932 South Rd,American Samoa,23964,Rochester
Dylan,Reddig,emailsdetectepaulets@linemansdiscreetly.me,hotheadgreats,917-290-8801,10892 Natalie Ct,Iowa,12322,Irvine
Colin,Teoli,fiascooverseasIapetus@canvasbacks.gov,pallets,936-225-4013,6346 Salt Trail Canyon St,Mississippi,43431,Amarillo
Donnell,Rezac,exchangedeutectic@botchedCranes.com,divinations,712-724-5270,977 Dexter St,Louisiana,39709,Atlanta
Marshall,Patryn,sleuthsGuzmansjabberers@dashikioffense.org,Sigurdbreastplate,187-987-6765,1044 Coldwater Canyon St,Michigan,70667,Cape Coral
Margarito,Brinn,direrJanette@hominesssreacts.org,fleshier,432-285-6233,3139 Plattsburg Ct,Colorado,69690,Thornton
Jimmie,Lewe,deliverances@sebaceousMcNeil.net,bugaboomoderately,400-500-5660,7586 Albright Ct,Northern Marianas Islands,62160,Colorado Springs
Rayford,Ballestero,Rostropovich@tuxedoes.net,monitoringNikolai,647-610-3096,6588 144th Ct,Vermont,41326,Oklahoma City
Alan,Tsushima,limpnessportliercloudless@poppedaesthetics.gov,backwatersmurmurs,758-244-6044,3053 Osgood Rd,Rhode Island,32272,Hollywood
Antione,Fonville,confirmationschapel@holdouts.org,shinedsnookers,486-409-8798,6051 Bonterra Rd,Delaware,93028,Fort Lauderdale
Cole,Ausherman,erraticarticulated@grasshopperScottys.org,lampshades,697-919-2955,1312 Trenton Trl,North Carolina,87094,Madison
Huey,Ru,spoofingsubsections@Ibsenperiwinkles.info,Cognawedmobschauffeurs,539-812-0197,9118 Durges Ln,Northern Marianas Islands,52251,Sioux Falls
Mario,Deboest,tradesmeninsolvents@organizingmiscellany.net,Alaska,154-969-9318,5803 Pathway Ave,Arizona,84221,Fort Wayne
Dee,Brienen,flowcapturingpity@impassesgauziest.com,moronsglamorsstandpoints,969-814-1677,10940 Niagara Blvd,Puerto Rico,96159,Oklahoma City
Rolland,Nankin,armedcomplementextensive@partakerosier.info,Nicholsonbegsliquefying,707-126-1360,2465 Bristol Ave,Wyoming,17229,Milwaukee
Josue,Petrossian,earthworms@animationsungulates.org,HardingInuktituts,933-026-2620,5490 Pinkston Ln,Washington,93036,El Paso
Duane,Johes,codificationssloshbrazen@distributeParacletes.gov,Piedmont,387-155-8475,4527 Norfolk Ln,North Dakota,73170,Fayetteville
Mariano,Schlickman,stagnationHebertspartnering@sorcerers.com,rhinoceri,369-412-7648,451 Katmai Ave,Utah,49242,Corona
Preston,Enns,borrowersHannibal@befoggingcholer.edu,Bernoullicirculations,116-374-5016,7042 Canal Trl,Northern Marianas Islands,92971,Pittsburgh
Palmer,Corolla,hearmildewswilling@slittedpigsty.com,witnessingcigarettes,540-399-8621,4807 Bethel St,Florida,74111,Elk Grove
